GradeDate,Firm,ToGrade,FromGrade,Action,priceTargetAction,currentPriceTarget,priorPriceTarget
2026-06-04 14:19:27,TD Cowen,Buy,Buy,reit,Maintains,540.0,540.0
2026-06-04 12:54:43,Cantor Fitzgerald,Overweight,Overweight,reit,Maintains,502.0,502.0
2026-06-04 12:44:28,Citizens,Market Outperform,Market Outperform,reit,Maintains,550.0,550.0
2026-06-01 16:00:02,Wells Fargo,Overweight,Overweight,main,Raises,650.0,625.0
2026-06-01 15:05:35,Citizens,Market Outperform,,init,Announces,550.0,0.0
2026-05-13 14:42:16,Wedbush,Outperform,Outperform,reit,Maintains,575.0,575.0
2026-05-06 22:53:27,Tigress Financial,Buy,Buy,main,Raises,680.0,595.0
2026-05-01 17:55:26,Stifel,Hold,Hold,main,Raises,415.0,392.0
2026-04-30 18:37:18,Bernstein,Outperform,Outperform,main,Raises,646.0,641.0
2026-04-30 18:08:38,Citigroup,Buy,Buy,main,Raises,620.0,600.0
2026-04-30 15:54:53,Evercore ISI Group,Outperform,Outperform,main,Lowers,510.0,580.0
2026-04-30 15:50:55,Guggenheim,Buy,Buy,reit,Maintains,586.0,586.0
2026-04-30 15:39:40,Barclays,Overweight,Overweight,main,Lowers,545.0,600.0
2026-04-30 14:49:18,Wells Fargo,Overweight,Overweight,main,Raises,625.0,615.0
2026-04-30 14:24:53,Benchmark,Buy,Buy,main,Raises,525.0,450.0
2026-04-30 13:48:11,Cantor Fitzgerald,Overweight,Overweight,reit,Maintains,502.0,502.0
2026-04-30 13:15:44,Wedbush,Outperform,Outperform,reit,Maintains,575.0,575.0
2026-04-30 13:01:39,Truist Securities,Buy,Buy,reit,Lowers,575.0,675.0
2026-04-30 12:24:48,Scotiabank,Sector Outperform,Sector Outperform,main,Lowers,550.0,600.0
2026-04-30 09:15:41,Piper Sandler,Overweight,Overweight,main,Raises,540.0,500.0
2026-04-28 12:59:53,Benchmark,Buy,Buy,reit,Maintains,450.0,450.0
2026-04-28 12:29:19,BMO Capital,Outperform,Outperform,main,Lowers,505.0,575.0
2026-04-27 13:30:33,Oppenheimer,Outperform,Outperform,reit,Lowers,515.0,630.0
2026-04-23 15:10:42,Guggenheim,Buy,Buy,reit,Maintains,586.0,586.0
2026-04-22 18:44:01,Citigroup,Buy,Buy,main,Lowers,600.0,635.0
2026-04-16 12:20:38,TD Cowen,Buy,Buy,main,Lowers,540.0,610.0
2026-04-15 11:11:32,Baird,Outperform,Outperform,main,Lowers,500.0,540.0
2026-04-14 13:25:57,Mizuho,Outperform,Outperform,main,Lowers,515.0,620.0
2026-04-14 10:14:31,Piper Sandler,Overweight,Overweight,main,Lowers,500.0,600.0
2026-04-10 18:02:21,BNP Paribas,Outperform,Outperform,main,Lowers,556.0,659.0
2026-03-25 15:49:24,UBS,Buy,Buy,main,Lowers,510.0,600.0
2026-02-05 16:14:57,Stifel,Hold,Buy,down,Lowers,392.0,540.0
2026-01-30 19:01:50,Citigroup,Buy,Buy,main,Lowers,635.0,660.0
2026-01-29 19:17:16,DA Davidson,Buy,Buy,main,Maintains,650.0,650.0
2026-01-29 15:59:24,RBC Capital,Outperform,Outperform,reit,Maintains,640.0,640.0
2026-01-29 15:38:44,Scotiabank,Sector Outperform,Sector Outperform,main,Lowers,600.0,650.0
2026-01-29 15:34:53,Stifel,Buy,Buy,main,Raises,540.0,520.0
2026-01-29 15:14:59,Wedbush,Outperform,Outperform,main,Lowers,575.0,625.0
2026-01-29 14:54:27,Wells Fargo,Overweight,Overweight,main,Lowers,615.0,630.0
2026-01-29 14:09:36,Evercore ISI Group,Outperform,Outperform,main,Lowers,580.0,640.0
2026-01-29 14:08:31,Cantor Fitzgerald,Overweight,Overweight,reit,Maintains,590.0,590.0
2026-01-29 13:52:26,Keybanc,Overweight,Overweight,main,Lowers,600.0,630.0
2026-01-29 09:09:10,Piper Sandler,Overweight,Overweight,reit,Lowers,600.0,650.0
2026-01-26 12:45:47,B of A Securities,Buy,Buy,main,Lowers,520.0,640.0
2026-01-23 19:28:33,UBS,Buy,Buy,main,Lowers,600.0,650.0
2026-01-22 15:46:51,Wells Fargo,Overweight,Overweight,main,Lowers,630.0,665.0
2026-01-22 14:18:16,Guggenheim,Buy,Buy,reit,Maintains,586.0,586.0
2026-01-21 19:23:52,Citigroup,Buy,Buy,main,Lowers,660.0,690.0
2026-01-21 13:01:56,Mizuho,Outperform,Outperform,main,Lowers,620.0,640.0
2026-01-20 17:52:24,TD Cowen,Buy,Buy,main,Lowers,625.0,655.0
2026-01-12 20:05:55,Barclays,Overweight,Overweight,main,Lowers,610.0,625.0
2026-01-08 15:09:47,Wells Fargo,Overweight,Overweight,main,Lowers,665.0,700.0
2025-12-22 13:32:32,Wedbush,Outperform,Outperform,reit,Maintains,625.0,625.0
2025-12-04 19:21:46,DA Davidson,Buy,Buy,main,Maintains,650.0,650.0
2025-11-18 16:39:31,Rothschild & Co,Neutral,Buy,down,Lowers,500.0,560.0
2025-11-14 10:24:39,Baird,Outperform,,init,Announces,600.0,0.0
2025-10-30 21:00:56,JP Morgan,Overweight,Overweight,main,Raises,575.0,565.0
2025-10-30 17:57:24,Citigroup,Buy,Buy,main,Raises,690.0,682.0
2025-10-30 17:18:07,Bernstein,Outperform,Outperform,main,Raises,645.0,637.0
2025-10-30 16:54:07,Evercore ISI Group,Outperform,Outperform,main,Raises,640.0,625.0
2025-10-30 15:20:14,Wells Fargo,Overweight,Overweight,main,Raises,700.0,675.0
2025-10-30 15:02:21,Raymond James,Outperform,Outperform,reit,Lowers,600.0,630.0
2025-10-30 11:28:02,Morgan Stanley,Overweight,Overweight,main,Raises,650.0,625.0
2025-10-30 09:24:50,Piper Sandler,Overweight,Overweight,reit,Maintains,650.0,650.0
2025-10-27 12:47:11,Guggenheim,Buy,Neutral,up,Announces,586.0,0.0
2025-10-22 15:36:00,Rothschild & Co,Buy,Buy,main,Raises,560.0,550.0
2025-10-22 13:20:31,Wedbush,Outperform,Outperform,reit,Maintains,625.0,625.0
2025-10-06 14:14:27,Wells Fargo,Overweight,Overweight,main,Raises,675.0,650.0
2025-09-26 11:58:53,Morgan Stanley,Overweight,Overweight,main,Raises,625.0,582.0
2025-08-29 14:20:06,Barclays,Overweight,Overweight,main,Maintains,625.0,625.0
2025-08-18 14:41:17,Truist Securities,Buy,Buy,main,Raises,675.0,650.0
2025-08-04 09:08:28,Stifel,Buy,,reit,Announces,650.0,0.0
2025-07-31 21:06:28,Jefferies,Buy,Buy,main,Raises,675.0,600.0
2025-07-31 18:54:54,DA Davidson,Buy,Buy,main,Raises,650.0,600.0
2025-07-31 18:08:24,Scotiabank,Sector Outperform,Sector Outperform,main,Raises,650.0,500.0
2025-07-31 16:42:00,Barclays,Overweight,Overweight,main,Raises,625.0,550.0
2025-07-31 16:38:53,RBC Capital,Outperform,Outperform,main,Raises,640.0,525.0
2025-07-31 16:17:16,Wells Fargo,Overweight,Overweight,main,Raises,650.0,600.0
2025-07-31 16:02:01,Stifel,Buy,Buy,main,Raises,650.0,550.0
2025-07-31 15:32:17,Morgan Stanley,Overweight,Overweight,main,Raises,582.0,530.0
2025-07-31 14:37:21,Raymond James,Outperform,Outperform,main,Raises,630.0,570.0
2025-07-31 13:39:32,Piper Sandler,Overweight,Overweight,main,Raises,650.0,600.0
2025-07-31 13:11:56,Wedbush,Outperform,Outperform,main,Raises,625.0,600.0
2025-07-31 12:54:21,Cantor Fitzgerald,Overweight,Overweight,main,Raises,639.0,581.0
2025-07-31 12:07:16,Oppenheimer,Outperform,Outperform,main,Raises,630.0,600.0
2025-07-31 11:43:58,Keybanc,Overweight,Sector Weight,up,Announces,630.0,0.0
2025-07-31 11:28:49,B of A Securities,Buy,Buy,main,Raises,640.0,585.0
2025-07-31 11:12:51,WestPark Capital,Hold,Hold,reit,,0.0,0.0
2025-07-31 09:37:09,TD Cowen,Buy,Buy,main,Raises,640.0,580.0
2025-07-31 09:34:48,BMO Capital,Outperform,Outperform,main,Raises,650.0,550.0
2025-07-31 09:27:47,Mizuho,Outperform,Outperform,main,Raises,625.0,540.0
2025-07-31 09:26:05,Truist Securities,Buy,Buy,main,Raises,650.0,600.0
2025-07-31 09:21:00,UBS,Buy,Buy,main,Raises,650.0,600.0
2025-07-28 17:53:55,Raymond James,Outperform,Outperform,main,Raises,570.0,490.0
2025-07-28 17:44:06,Stifel,Buy,Buy,main,Raises,550.0,500.0
2025-07-25 14:02:36,Wedbush,Outperform,Outperform,reit,Maintains,600.0,600.0
2025-07-25 13:51:47,Evercore ISI Group,Outperform,Outperform,main,Raises,545.0,515.0
2025-07-24 17:46:43,Loop Capital,Buy,Buy,main,Raises,600.0,550.0
2025-07-23 16:42:12,UBS,Buy,Buy,main,Raises,600.0,500.0
2025-07-22 13:02:30,Citigroup,Buy,Buy,main,Raises,613.0,605.0
2025-07-21 12:55:01,Barclays,Overweight,Overweight,main,Raises,550.0,494.0
2025-07-18 11:07:30,B of A Securities,Buy,Buy,main,Raises,585.0,515.0
2025-07-16 13:15:49,Cantor Fitzgerald,Overweight,Overweight,main,Raises,581.0,512.0
2025-07-16 13:13:24,Mizuho,Outperform,Outperform,main,Raises,540.0,500.0
2025-07-10 17:53:22,BMO Capital,Outperform,Outperform,main,Raises,550.0,485.0
2025-07-10 13:17:20,Piper Sandler,Overweight,Overweight,main,Raises,600.0,475.0
2025-07-09 10:40:27,Oppenheimer,Outperform,Perform,up,Announces,600.0,0.0
2025-06-26 13:58:40,Morgan Stanley,Overweight,Overweight,main,Raises,530.0,482.0
2025-06-25 14:50:42,Wedbush,Outperform,Outperform,main,Raises,600.0,515.0
2025-06-25 13:42:46,Wells Fargo,Overweight,Overweight,main,Raises,585.0,565.0
2025-06-13 13:20:02,Wells Fargo,Overweight,Overweight,main,Raises,565.0,515.0
2025-06-11 14:54:00,Citigroup,Buy,Buy,main,Raises,605.0,540.0
2025-05-23 15:03:26,RBC Capital,Outperform,Outperform,reit,Maintains,525.0,525.0
2025-05-22 15:02:04,Evercore ISI Group,Outperform,Outperform,main,Raises,515.0,500.0
2025-05-21 16:47:59,Goldman Sachs,Buy,Buy,main,Raises,550.0,480.0
2025-05-15 14:49:34,Citigroup,Buy,Buy,main,Raises,540.0,480.0
2025-05-01 21:57:32,Jefferies,Buy,Buy,main,Raises,550.0,475.0
2025-05-01 21:42:13,DA Davidson,Buy,Buy,main,Raises,500.0,450.0
2025-05-01 17:38:07,RBC Capital,Outperform,Outperform,main,Raises,525.0,500.0
2025-05-01 17:31:05,Morgan Stanley,Overweight,Overweight,main,Raises,482.0,472.0
2025-05-01 16:27:21,Stifel,Buy,Buy,main,Raises,500.0,475.0
2025-05-01 16:24:30,Cantor Fitzgerald,Overweight,Overweight,main,Raises,512.0,502.0
2025-05-01 16:18:50,Scotiabank,Sector Outperform,Sector Outperform,main,Raises,500.0,470.0
2025-05-01 16:01:36,Barclays,Overweight,Overweight,main,Raises,494.0,430.0
2025-05-01 15:46:06,Wells Fargo,Overweight,Overweight,main,Raises,515.0,500.0
2025-05-01 15:00:18,TD Securities,Buy,Buy,main,Raises,490.0,475.0
2025-05-01 14:52:58,Guggenheim,Neutral,Neutral,reit,,0.0,0.0
2025-05-01 14:12:53,Wedbush,Outperform,Outperform,main,Raises,515.0,475.0
2025-05-01 13:26:54,Evercore ISI Group,Outperform,Outperform,main,Raises,500.0,435.0
2025-05-01 12:17:38,JP Morgan,Overweight,Overweight,main,Raises,475.0,465.0
2025-05-01 10:12:04,BMO Capital,Outperform,Outperform,main,Raises,485.0,470.0
2025-05-01 09:55:20,Goldman Sachs,Buy,Buy,main,Raises,480.0,450.0
2025-05-01 09:38:44,Bernstein,Outperform,Outperform,main,Raises,520.0,511.0
2025-05-01 09:14:32,WestPark Capital,Hold,Hold,reit,,0.0,0.0
2025-05-01 09:06:42,Piper Sandler,Overweight,Overweight,main,Raises,475.0,435.0
2025-04-24 17:52:42,Goldman Sachs,Buy,Buy,main,Lowers,450.0,500.0
2025-04-23 15:54:52,Piper Sandler,Overweight,Overweight,main,Lowers,435.0,520.0
2025-04-23 15:35:18,Guggenheim,Neutral,Neutral,reit,,0.0,0.0
2025-04-21 14:42:44,Barclays,Overweight,Overweight,main,Lowers,430.0,475.0
2025-04-21 06:23:34,Citigroup,Buy,Buy,main,Lowers,480.0,497.0
2025-04-17 10:46:09,Keybanc,Sector Weight,Overweight,down,,0.0,0.0
2025-04-16 11:46:43,BMO Capital,Outperform,Outperform,main,Lowers,470.0,490.0
2025-04-15 16:01:28,B of A Securities,Buy,Buy,main,Lowers,480.0,510.0
2025-04-14 21:59:20,UBS,Buy,Buy,main,Lowers,480.0,510.0
2025-04-14 14:02:28,Wells Fargo,Overweight,Overweight,main,Lowers,500.0,515.0
2025-04-10 17:24:13,Wedbush,Outperform,Outperform,main,Lowers,475.0,550.0
2025-04-09 09:49:19,Keybanc,Overweight,Overweight,reit,Maintains,575.0,575.0
2025-04-07 13:53:44,Jefferies,Buy,Buy,main,Lowers,475.0,500.0
2025-04-01 09:24:03,WestPark Capital,Hold,,init,,0.0,0.0
2025-03-31 12:59:39,Jefferies,Buy,Buy,main,Lowers,500.0,550.0
2025-03-20 19:20:56,Tigress Financial,Buy,Buy,main,Raises,595.0,550.0
2025-03-20 15:00:58,Wedbush,Outperform,Outperform,reit,Maintains,550.0,550.0
2025-03-20 13:11:09,Scotiabank,Sector Outperform,,init,Announces,470.0,0.0
2025-03-13 12:23:31,DA Davidson,Buy,Neutral,up,Raises,450.0,425.0
2025-03-07 16:47:47,Stifel,Buy,Buy,main,Lowers,475.0,515.0
2025-01-30 23:20:12,UBS,Buy,Buy,main,Lowers,510.0,525.0
2025-01-30 16:55:16,DA Davidson,Neutral,Neutral,main,Maintains,425.0,425.0
2025-01-30 16:54:50,RBC Capital,Outperform,Outperform,reit,Maintains,500.0,500.0
2025-01-30 12:44:12,Morgan Stanley,Overweight,Overweight,main,Lowers,530.0,540.0
2025-01-30 11:18:34,Mizuho,Outperform,Outperform,main,Lowers,500.0,510.0
2025-01-30 11:06:32,Bernstein,Outperform,Outperform,main,Lowers,511.0,516.0
2025-01-30 10:40:02,JP Morgan,Overweight,Overweight,reit,Maintains,465.0,465.0
2025-01-29 14:49:34,Cantor Fitzgerald,Overweight,Overweight,reit,Maintains,509.0,509.0
2025-01-27 22:18:47,Piper Sandler,Overweight,Overweight,main,Maintains,520.0,520.0
2025-01-24 16:00:37,Guggenheim,Neutral,Neutral,reit,,0.0,0.0
2025-01-22 13:25:20,Morgan Stanley,Overweight,Overweight,main,Lowers,540.0,548.0
2025-01-17 11:01:05,Evercore ISI Group,Outperform,Outperform,reit,Maintains,500.0,500.0
2025-01-16 14:56:30,Cantor Fitzgerald,Overweight,,init,Announces,509.0,0.0
2025-01-06 10:43:19,Bernstein,Outperform,Outperform,main,Raises,516.0,511.0
2025-01-06 10:38:12,Piper Sandler,Overweight,Overweight,main,Raises,520.0,470.0
2024-12-23 13:07:13,Loop Capital,Buy,Buy,main,Raises,550.0,500.0
2024-12-18 17:15:12,Stifel,Buy,Buy,main,Raises,515.0,475.0
2024-12-18 16:04:58,UBS,Buy,Buy,main,Raises,525.0,500.0
2024-12-13 12:22:48,Mizuho,Outperform,Outperform,main,Raises,510.0,480.0
2024-11-05 16:45:18,RBC Capital,Outperform,Outperform,reit,Maintains,500.0,500.0
2024-10-31 19:38:15,UBS,Buy,Buy,main,Lowers,500.0,510.0
2024-10-31 15:05:39,JP Morgan,Overweight,Overweight,main,Lowers,465.0,470.0
2024-10-31 14:33:04,TD Cowen,Buy,Buy,main,Lowers,475.0,495.0
2024-10-31 11:20:42,Piper Sandler,Overweight,Overweight,main,Maintains,470.0,470.0
2024-10-31 11:18:50,Morgan Stanley,Overweight,Overweight,main,Raises,548.0,506.0
2024-10-28 17:56:56,Truist Securities,Buy,Buy,main,Maintains,600.0,600.0
2024-10-25 11:47:54,Bernstein,Outperform,Outperform,main,Lowers,500.0,501.0
2024-10-23 13:28:07,Citigroup,Buy,Buy,main,Lowers,497.0,500.0
2024-10-18 11:32:41,Keybanc,Overweight,Overweight,main,Raises,505.0,490.0
2024-10-18 09:04:20,Piper Sandler,Overweight,Overweight,main,Lowers,470.0,485.0
2024-10-10 11:20:06,Goldman Sachs,Buy,Buy,main,Lowers,500.0,515.0
2024-10-08 16:30:14,Truist Securities,Buy,Buy,reit,Maintains,600.0,600.0
2024-09-27 16:05:49,DA Davidson,Neutral,Neutral,main,Maintains,475.0,475.0
2024-09-23 12:28:13,DA Davidson,Neutral,Buy,down,Maintains,475.0,475.0
2024-09-17 17:43:36,Morgan Stanley,Overweight,Overweight,main,Maintains,506.0,506.0
2024-07-31 20:17:28,DA Davidson,Buy,Buy,main,Lowers,475.0,500.0
2024-07-31 16:46:05,Morgan Stanley,Overweight,Overweight,main,Lowers,506.0,520.0
2024-07-31 16:20:50,Wedbush,Outperform,Outperform,reit,Maintains,550.0,550.0
2024-07-31 15:46:47,UBS,Buy,Buy,main,Lowers,510.0,520.0
2024-07-31 14:39:26,RBC Capital,Outperform,Outperform,reit,Maintains,500.0,500.0
2024-07-31 11:59:54,Wells Fargo,Overweight,Overweight,main,Raises,515.0,500.0
2024-07-31 11:41:44,Citigroup,Buy,Buy,main,Lowers,500.0,520.0
2024-07-31 09:09:33,Piper Sandler,Overweight,Overweight,main,Maintains,485.0,485.0
2024-07-23 09:10:13,Piper Sandler,Overweight,Overweight,reit,Raises,485.0,465.0
2024-07-18 10:39:12,TD Cowen,Buy,Buy,main,Raises,495.0,470.0
2024-07-17 21:48:27,Wedbush,Outperform,Outperform,main,Raises,550.0,500.0
2024-07-17 12:40:27,B of A Securities,Buy,Buy,main,Raises,510.0,480.0
2024-07-16 11:44:18,Mizuho,Outperform,Outperform,main,Raises,480.0,450.0
2024-07-12 17:57:32,Piper Sandler,Overweight,Overweight,main,Maintains,465.0,465.0
2024-07-12 11:30:59,BMO Capital,Outperform,Outperform,main,Raises,500.0,465.0
2024-07-09 16:41:07,Argus Research,Buy,Buy,main,Raises,526.0,475.0
2024-06-21 14:28:00,Citigroup,Buy,Buy,main,Raises,520.0,495.0
2024-06-17 15:50:02,Truist Securities,Buy,Buy,main,Maintains,600.0,600.0
2024-06-13 20:03:26,Tigress Financial,Buy,Buy,main,Raises,550.0,475.0
2024-06-10 09:14:40,New Street Research,Buy,,init,Announces,570.0,0.0
2024-06-07 12:01:58,Oppenheimer,Outperform,Outperform,main,Raises,500.0,450.0
2024-05-24 14:38:35,RBC Capital,Outperform,Outperform,reit,Maintains,500.0,500.0
2024-05-22 16:21:14,Wedbush,Outperform,Outperform,reit,Maintains,500.0,500.0
2024-05-17 17:46:16,Macquarie,Outperform,Outperform,main,Raises,475.0,460.0
2024-05-17 15:43:17,RBC Capital,Outperform,Outperform,main,Raises,500.0,450.0
2024-04-26 21:21:49,Citigroup,Buy,Buy,main,Raises,495.0,475.0
2024-04-26 18:25:08,Wells Fargo,Overweight,Overweight,main,Raises,500.0,480.0
2024-04-26 17:37:21,Raymond James,Outperform,Outperform,reit,Raises,480.0,450.0
2024-04-26 13:05:32,Wedbush,Outperform,Outperform,reit,Maintains,500.0,500.0
2024-04-26 11:46:39,Stifel,Buy,Buy,main,Raises,475.0,455.0
2024-04-26 11:12:49,Goldman Sachs,Buy,Buy,main,Raises,515.0,450.0
2024-04-26 11:06:13,Evercore ISI Group,Outperform,Outperform,main,Raises,485.0,475.0
2024-04-26 10:25:08,JP Morgan,Overweight,Overweight,main,Raises,470.0,440.0
2024-04-26 09:58:55,Bernstein,Outperform,Outperform,main,Raises,489.0,465.0
2024-04-26 09:35:58,Piper Sandler,Overweight,Overweight,reit,Raises,465.0,455.0
2024-04-22 17:39:15,Stifel,Buy,Buy,main,Maintains,455.0,455.0
2024-04-18 15:05:41,Citigroup,Buy,Buy,main,Lowers,475.0,480.0
2024-04-17 12:15:34,Wells Fargo,Overweight,Overweight,main,Raises,480.0,460.0
2024-04-12 11:54:18,BMO Capital,Outperform,Outperform,main,Raises,465.0,455.0
2024-04-11 11:21:17,Morgan Stanley,Overweight,Overweight,main,Raises,520.0,465.0
2024-04-10 16:59:10,Wedbush,Outperform,Outperform,reit,Maintains,500.0,500.0
2024-04-10 15:12:59,UBS,Buy,Buy,main,Maintains,480.0,480.0
2024-04-01 14:41:34,Jefferies,Buy,Buy,main,Raises,550.0,465.0
2024-03-26 10:31:42,Wedbush,Outperform,Outperform,main,Raises,500.0,475.0
2024-03-25 15:46:18,Truist Securities,Buy,Buy,reit,Maintains,600.0,0.0
2024-03-21 09:13:28,Keybanc,Overweight,,init,Announces,490.0,0.0
2024-03-15 13:32:03,DA Davidson,Buy,Buy,main,Maintains,500.0,500.0
2024-03-06 10:34:07,Jefferies,Buy,Buy,main,Maintains,465.0,465.0
2024-03-05 16:10:56,DA Davidson,Buy,Buy,reit,Maintains,500.0,0.0
2024-01-31 17:15:31,BMO Capital,Outperform,Outperform,main,Raises,455.0,420.0
2024-01-31 16:41:30,RBC Capital,Outperform,Outperform,main,Raises,450.0,415.0
2024-01-31 14:29:12,Wedbush,Outperform,Outperform,main,Raises,475.0,450.0
2024-01-31 12:34:46,Wells Fargo,Overweight,Overweight,main,Raises,460.0,435.0
2024-01-31 11:33:57,Raymond James,Outperform,Outperform,main,Raises,450.0,400.0
2024-01-31 11:22:00,Macquarie,Outperform,Outperform,main,Raises,450.0,430.0
2024-01-31 10:51:23,Barclays,Overweight,Overweight,main,Raises,475.0,421.0
2024-01-29 15:20:42,Wedbush,Outperform,Outperform,reit,Maintains,450.0,0.0
2024-01-25 10:15:42,Piper Sandler,Overweight,Overweight,reit,Maintains,455.0,0.0
2024-01-23 19:59:18,Truist Securities,Buy,Buy,reit,Maintains,600.0,0.0
2024-01-18 10:47:23,Exane BNP Paribas,Outperform,Neutral,up,Announces,471.0,0.0
2024-01-12 12:43:28,Piper Sandler,Overweight,Overweight,reit,Maintains,455.0,0.0
2024-01-09 16:44:14,BMO Capital,Outperform,Outperform,main,Raises,420.0,400.0
2024-01-02 14:57:51,Piper Sandler,Overweight,Overweight,main,Raises,455.0,425.0
2023-12-28 12:31:00,Wedbush,Outperform,Outperform,main,Raises,450.0,425.0
2023-12-15 14:33:00,Mizuho,Buy,Buy,main,Raises,450.0,420.0
2023-12-13 18:08:03,Truist Securities,Buy,,init,Announces,600.0,0.0
2023-12-05 16:00:47,Argus Research,Buy,Buy,main,Raises,430.0,390.0
2023-12-05 09:46:05,China Renaissance,Buy,,init,Announces,466.0,0.0
2023-11-29 09:59:18,Tigress Financial,Buy,Buy,main,Raises,475.0,433.0
2023-11-24 15:37:44,Mizuho,Buy,Buy,reit,Maintains,420.0,420.0
2023-11-24 15:37:01,RBC Capital,Outperform,Outperform,reit,Maintains,390.0,390.0
2023-11-22 15:10:58,Wedbush,Outperform,Outperform,reit,Maintains,425.0,0.0
2023-11-20 16:48:02,Evercore ISI Group,Outperform,Outperform,reit,Maintains,432.0,0.0
2023-11-20 15:54:35,Macquarie,Outperform,Outperform,reit,Maintains,405.0,405.0
2023-11-20 13:42:42,Wedbush,Outperform,Outperform,reit,Maintains,425.0,0.0
2023-11-16 14:20:34,Wedbush,Outperform,Outperform,main,Raises,425.0,400.0
2023-10-30 08:31:46,Piper Sandler,Overweight,Overweight,reit,Maintains,425.0,0.0
2023-10-26 15:23:23,Citigroup,Buy,Buy,main,Raises,432.0,430.0
2023-10-26 11:01:28,Rosenblatt,Buy,Buy,main,Raises,375.0,370.0
2023-10-26 08:25:20,HSBC,Buy,Hold,up,Announces,413.0,0.0
2023-10-25 16:33:56,RBC Capital,Outperform,Outperform,reit,Maintains,390.0,0.0
2023-10-25 14:27:30,Barclays,Overweight,Overweight,main,Lowers,421.0,425.0
2023-10-25 14:10:26,Wedbush,Outperform,Outperform,reit,Maintains,400.0,0.0
2023-10-25 13:40:34,Oppenheimer,Outperform,Outperform,reit,Maintains,410.0,0.0
2023-10-25 13:34:48,Goldman Sachs,Buy,Buy,main,Raises,450.0,400.0
2023-10-25 08:17:23,Piper Sandler,Overweight,Overweight,main,Raises,425.0,400.0
2023-10-19 16:00:36,Citigroup,Buy,Buy,main,Raises,430.0,420.0
2023-10-17 11:44:24,Loop Capital,Buy,,init,Announces,425.0,0.0
2023-10-16 19:09:19,DA Davidson,Buy,Buy,reit,Maintains,415.0,415.0
2023-10-16 11:28:03,Rosenblatt,Buy,Buy,main,Raises,370.0,360.0
2023-10-16 08:22:24,Piper Sandler,Overweight,Overweight,reit,Maintains,400.0,0.0
2023-10-02 11:51:24,Jefferies,Buy,Buy,reit,Maintains,400.0,400.0
2023-10-02 10:50:52,Wells Fargo,Overweight,Overweight,reit,Maintains,400.0,400.0
2023-09-25 10:53:50,Guggenheim,Neutral,Sell,up,,0.0,0.0
2023-09-22 16:04:04,Citigroup,Buy,Buy,reit,Maintains,420.0,420.0
2023-09-22 16:00:53,JP Morgan,Overweight,Overweight,reit,Maintains,385.0,385.0
2023-09-22 14:26:25,RBC Capital,Outperform,Outperform,reit,Maintains,390.0,0.0
2023-09-21 13:42:05,Wedbush,Outperform,Outperform,reit,Maintains,400.0,0.0
2023-09-20 11:46:53,Bernstein,Outperform,Outperform,main,Raises,400.0,398.0
2023-09-15 09:32:42,HSBC,Hold,,init,Announces,347.0,0.0
2023-09-14 15:44:53,Bernstein,Outperform,Outperform,reit,Maintains,398.0,0.0
2023-08-11 11:33:15,Redburn Partners,Buy,Buy,main,Lowers,440.0,450.0
2023-08-02 16:17:59,Tigress Financial,Buy,Buy,reit,Raises,433.0,411.0
2023-07-31 16:08:39,Argus Research,Buy,Buy,main,Raises,390.0,371.0
2023-07-28 17:19:10,Oppenheimer,Outperform,Outperform,reit,Maintains,410.0,410.0
2023-07-27 11:14:40,Rosenblatt,Buy,Buy,main,Raises,360.0,310.0
2023-07-26 15:07:27,Morgan Stanley,Overweight,Overweight,reit,Maintains,415.0,415.0
2023-07-26 14:09:11,RBC Capital,Outperform,Outperform,main,Raises,390.0,350.0
2023-07-26 14:06:51,Citigroup,Buy,Buy,main,Lowers,420.0,425.0
2023-07-26 12:45:51,Wedbush,Outperform,Outperform,main,Raises,400.0,375.0
2023-07-26 11:59:35,BMO Capital,Outperform,Outperform,main,Raises,400.0,385.0
2023-07-26 08:11:02,Piper Sandler,Overweight,Overweight,reit,Maintains,400.0,0.0
2023-07-24 12:19:33,Goldman Sachs,Buy,Buy,main,Raises,400.0,350.0
2023-07-24 12:13:28,Raymond James,Outperform,Outperform,main,Raises,400.0,320.0
2023-07-20 14:40:14,Stifel,Buy,Buy,main,Raises,380.0,320.0
2023-07-20 13:18:53,Guggenheim,Sell,Sell,reit,Maintains,232.0,0.0
2023-07-20 10:52:34,Citigroup,Buy,Buy,main,Raises,425.0,340.0
2023-07-19 13:39:33,Mizuho,Buy,Buy,main,Raises,420.0,390.0
2023-07-19 13:37:54,JP Morgan,Overweight,Overweight,main,Raises,385.0,350.0
2023-07-19 13:05:52,B of A Securities,Buy,Buy,main,Raises,405.0,340.0
2023-07-19 12:27:31,Wells Fargo,Overweight,Overweight,main,Raises,400.0,380.0
2023-07-19 11:37:20,Barclays,Overweight,Overweight,main,Raises,425.0,336.0
2023-07-19 08:32:57,Piper Sandler,Overweight,Overweight,reit,Maintains,400.0,0.0
2023-07-18 16:47:36,Wedbush,Outperform,Outperform,reit,Maintains,375.0,0.0
2023-07-18 08:34:20,Keybanc,Overweight,Overweight,main,Raises,400.0,340.0
2023-07-14 09:32:14,UBS,Buy,Neutral,up,Raises,400.0,345.0
2023-07-13 12:03:47,Oppenheimer,Outperform,Outperform,main,Raises,410.0,330.0
2023-07-12 12:17:12,Wedbush,Outperform,Outperform,reit,Maintains,375.0,0.0
2023-07-06 13:55:25,Morgan Stanley,Overweight,Overweight,main,Raises,415.0,335.0
2023-07-05 13:35:00,Wedbush,Outperform,Outperform,reit,Maintains,375.0,375.0
2023-06-15 13:05:29,Mizuho,Buy,Buy,main,Raises,360.0,340.0
2023-06-15 12:08:55,JP Morgan,Overweight,Overweight,main,Raises,350.0,315.0
2023-06-09 13:47:58,BMO Capital,Outperform,Outperform,main,Raises,385.0,347.0
2023-06-06 12:48:17,CFRA,Strong Buy,,main,Raises,370.0,330.0
2023-06-02 13:23:55,Evercore ISI Group,Outperform,Outperform,main,Raises,400.0,337.0
2023-05-31 12:20:43,UBS,Neutral,Neutral,main,Raises,345.0,300.0
2023-05-31 12:03:06,Wells Fargo,Overweight,Overweight,main,Raises,365.0,345.0
2023-05-31 10:33:37,Credit Suisse,Outperform,Outperform,main,Raises,420.0,350.0
2023-05-31 08:03:29,Piper Sandler,Overweight,Overweight,main,Raises,400.0,348.0
2023-05-30 14:07:32,Deutsche Bank,Buy,Buy,main,Raises,380.0,340.0
2023-05-30 11:48:07,Wedbush,Outperform,Outperform,main,Raises,375.0,340.0
2023-05-25 11:50:45,Oppenheimer,Outperform,Outperform,reit,Maintains,330.0,0.0
2023-05-24 11:31:02,Mizuho,Buy,Buy,main,Raises,340.0,325.0
2023-05-23 09:46:02,Jefferies,Buy,Buy,main,Raises,400.0,350.0
2023-05-19 12:55:48,RBC Capital,Outperform,Outperform,reit,Maintains,350.0,0.0
2023-05-11 13:30:08,Wedbush,Outperform,Outperform,main,Raises,340.0,325.0
2023-04-26 20:24:45,Evercore ISI Group,Outperform,,main,Raises,337.0,295.0
2023-04-26 15:16:02,TD Cowen,Outperform,,main,Raises,330.0,300.0
2023-04-26 15:12:16,B of A Securities,Buy,,main,Raises,340.0,320.0
2023-04-26 14:46:12,UBS,Neutral,,main,Raises,300.0,275.0
2023-04-26 14:44:34,Deutsche Bank,Buy,,main,Raises,340.0,310.0
2023-04-26 14:04:25,RBC Capital,Outperform,,main,Raises,350.0,285.0
2023-04-26 13:50:43,Piper Sandler,Overweight,,main,Raises,348.0,290.0
2023-04-26 13:44:50,Raymond James,Outperform,,main,Raises,320.0,310.0
2023-04-26 12:49:22,DA Davidson,Buy,,main,Raises,350.0,325.0
2023-04-26 12:41:15,Atlantic Equities,Overweight,,main,Raises,330.0,290.0
2023-04-26 12:27:08,Guggenheim,Sell,Sell,main,Raises,232.0,212.0
2023-04-26 12:07:33,Wedbush,Outperform,,main,Raises,325.0,315.0
2023-04-26 11:39:22,Citigroup,Buy,,main,Raises,340.0,332.0
2023-04-26 11:36:08,Morgan Stanley,Overweight,,main,Raises,335.0,307.0
2023-04-26 11:05:11,Rosenblatt,Buy,,main,Raises,310.0,275.0
2023-04-26 11:05:02,Credit Suisse,Outperform,,main,Raises,350.0,285.0
2023-04-26 10:42:33,BMO Capital,Outperform,Market Perform,up,Raises,347.0,325.0
2023-04-26 10:40:02,Oppenheimer,Outperform,,main,Raises,330.0,310.0
2023-04-26 10:39:58,Macquarie,Outperform,Neutral,up,Raises,325.0,260.0
2023-04-26 10:35:14,Wells Fargo,Overweight,,main,Raises,345.0,320.0
2023-04-26 10:34:26,MoffettNathanson,Market Perform,,main,Raises,306.0,263.0
2023-04-26 10:29:07,Stifel,Buy,,main,Raises,320.0,310.0
2023-04-26 10:27:08,Mizuho,Buy,,main,Raises,325.0,315.0
2023-04-26 10:25:59,Wolfe Research,Outperform,,main,Raises,350.0,330.0
2023-04-26 10:24:28,JP Morgan,Overweight,,main,Raises,315.0,305.0
2023-04-26 10:16:05,Barclays,Overweight,,main,Raises,336.0,310.0
2023-04-26 09:42:59,Jefferies,Buy,,main,Raises,350.0,325.0
2023-04-25 14:49:40,Evercore ISI Group,Outperform,Outperform,main,Announces,295.0,0.0
2023-04-24 13:09:52,Exane BNP Paribas,Neutral,Outperform,down,,0.0,0.0
2023-04-24 10:37:27,Bernstein,Outperform,,main,Raises,322.0,280.0
2023-04-21 14:19:48,BMO Capital,Market Perform,,main,Raises,325.0,310.0
2023-04-21 08:45:37,Piper Sandler,Overweight,,reit,Maintains,290.0,0.0
2023-04-20 09:18:20,Keybanc,Overweight,,main,Raises,335.0,316.0
2023-04-19 14:34:25,B of A Securities,Buy,,main,Raises,320.0,300.0
2023-04-19 12:50:26,Deutsche Bank,Buy,,main,Raises,310.0,275.0
2023-04-19 10:15:05,Citigroup,Buy,,main,Raises,332.0,282.0
2023-04-18 15:43:01,TD Cowen,Outperform,,main,Raises,300.0,285.0
2023-04-18 11:11:31,Jefferies,Buy,,main,Raises,325.0,310.0
2023-04-17 10:30:27,Barclays,Overweight,,main,Raises,310.0,280.0
2023-04-14 11:42:16,BMO Capital,Market Perform,,main,Raises,310.0,305.0
2023-04-14 11:27:40,Stifel,Buy,,main,Raises,310.0,290.0
2023-04-12 11:21:38,Wedbush,Outperform,,main,Raises,315.0,290.0
2023-04-11 14:47:29,UBS,Neutral,,reit,Maintains,275.0,0.0
2023-04-06 11:44:19,Oppenheimer,Outperform,,main,Raises,310.0,280.0
2023-04-03 11:19:30,Raymond James,Outperform,,main,Raises,310.0,270.0
2023-03-29 12:59:16,Keybanc,Overweight,,main,Raises,316.0,270.0
2023-03-28 11:07:08,BMO Capital,Market Perform,,main,Raises,305.0,265.0
2023-03-24 12:48:32,Wells Fargo,Overweight,,main,Raises,320.0,300.0
2023-03-17 13:06:49,Mizuho,Buy,,main,Raises,315.0,300.0
2023-03-17 12:59:33,RBC Capital,Outperform,,reit,Maintains,285.0,0.0
2023-02-24 14:33:25,Wedbush,Outperform,,main,Raises,290.0,280.0
2023-02-13 18:36:56,Stifel,Buy,,main,Raises,290.0,275.0
2023-02-08 13:56:53,DA Davidson,Buy,,main,Raises,325.0,280.0
2023-02-08 13:07:43,JP Morgan,Overweight,,main,Raises,305.0,265.0
2023-02-08 11:57:32,Mizuho,Buy,,main,Raises,300.0,280.0
2023-02-08 11:43:01,Jefferies,Buy,,main,Raises,310.0,275.0
2023-02-08 11:36:54,Oppenheimer,Outperform,,main,Raises,280.0,265.0
2023-02-08 10:50:58,Wedbush,Outperform,,reit,Maintains,280.0,0.0
2023-02-08 09:39:35,Piper Sandler,Overweight,,main,Raises,290.0,247.0
2023-01-26 13:45:46,Bernstein,Outperform,,main,Lowers,280.0,302.0
2023-01-26 11:59:36,Rosenblatt,Buy,,main,Lowers,275.0,285.0
2023-01-26 11:58:29,Credit Suisse,Outperform,,main,Lowers,285.0,365.0
2023-01-25 16:56:24,MoffettNathanson,Market Perform,,main,Lowers,263.0,268.0
2023-01-25 13:31:32,Wedbush,Outperform,,main,Lowers,280.0,290.0
2023-01-25 13:29:29,Stifel,Buy,,main,Lowers,275.0,290.0
2023-01-25 13:27:41,Jefferies,Buy,,main,Lowers,275.0,280.0
2023-01-25 12:14:12,Mizuho,Buy,,main,Lowers,280.0,290.0
2023-01-25 12:11:13,BMO Capital,Market Perform,Outperform,down,Announces,265.0,0.0
2023-01-25 11:28:48,Wolfe Research,Outperform,,main,Lowers,265.0,280.0
2023-01-25 11:26:27,JP Morgan,Overweight,,main,Lowers,265.0,275.0
2023-01-25 11:24:15,Citigroup,Buy,,main,Raises,282.0,280.0
2023-01-25 11:19:37,Raymond James,Outperform,,main,Lowers,270.0,280.0
2023-01-23 14:19:31,Jefferies,Buy,,main,Raises,280.0,270.0
2023-01-23 12:20:40,BMO Capital,Outperform,,main,Lowers,267.0,270.0
2023-01-20 12:24:48,Mizuho,Buy,,main,Lowers,290.0,305.0
2023-01-19 15:27:41,TD Cowen,Outperform,,main,Lowers,280.0,285.0
2023-01-19 14:00:00,Evercore ISI Group,Outperform,,main,Lowers,280.0,300.0
2023-01-19 13:03:42,Citigroup,Buy,,main,Lowers,280.0,282.0
2023-01-19 12:41:03,Cowen & Co.,Outperform,,main,Lowers,280.0,285.0
2023-01-17 12:51:44,Guggenheim,Sell,Neutral,down,Announces,212.0,0.0
2023-01-10 12:00:33,Barclays,Overweight,,main,Lowers,280.0,296.0
2023-01-09 11:21:50,Piper Sandler,Overweight,,main,Lowers,247.0,265.0
2023-01-05 09:50:02,DA Davidson,Buy,,init,Announces,270.0,0.0
2023-01-04 11:20:12,UBS,Neutral,Buy,down,Lowers,250.0,300.0
2022-11-02 10:27:30,Macquarie,Neutral,,init,Announces,234.0,0.0
2022-10-27 11:13:33,Rosenblatt,Buy,,main,Lowers,285.0,300.0
2022-10-26 16:15:55,Oppenheimer,Outperform,,main,Lowers,265.0,275.0
2022-10-26 14:29:18,TD Cowen,Outperform,,main,Lowers,285.0,310.0
2022-10-26 13:27:30,BMO Capital,Outperform,,main,Lowers,270.0,295.0
2022-10-26 13:24:58,Evercore ISI Group,Outperform,,main,Lowers,300.0,330.0
2022-10-26 13:24:16,Jefferies,Buy,,main,Lowers,270.0,275.0
2022-10-26 12:57:07,Wolfe Research,Outperform,,main,Lowers,280.0,340.0
2022-10-26 12:49:18,Wedbush,Outperform,,main,Lowers,290.0,320.0
2022-10-26 12:42:12,Atlantic Equities,Overweight,,main,Lowers,290.0,300.0
2022-10-26 12:36:10,RBC Capital,Outperform,,main,Lowers,310.0,380.0
2022-10-26 11:51:48,Wells Fargo,Overweight,,main,Lowers,300.0,315.0
2022-10-26 11:49:43,Cowen & Co.,Outperform,,main,Lowers,285.0,310.0
2022-10-26 11:19:38,Stifel,Buy,,main,Lowers,290.0,300.0
2022-10-26 11:17:48,Raymond James,Outperform,,main,Lowers,280.0,300.0
2022-10-26 11:14:50,Morgan Stanley,Overweight,,main,Lowers,307.0,325.0
2022-10-26 11:13:03,Mizuho,Buy,,main,Lowers,305.0,320.0
2022-10-26 11:10:49,Deutsche Bank,Buy,,main,Lowers,275.0,315.0
2022-10-26 11:00:04,Credit Suisse,Outperform,,main,Lowers,365.0,400.0
2022-10-26 10:57:50,Barclays,Overweight,,main,Lowers,296.0,310.0
2022-10-26 10:56:12,Jefferies,Buy,,main,Lowers,270.0,275.0
2022-10-26 08:37:22,Piper Sandler,Overweight,,main,Lowers,265.0,275.0
2022-10-21 12:46:50,BMO Capital,Outperform,,main,Lowers,295.0,320.0
2022-10-20 11:48:38,UBS,Buy,,main,Lowers,300.0,330.0
2022-10-20 10:57:35,Rosenblatt,Buy,,main,Lowers,300.0,330.0
2022-10-20 09:41:39,Piper Sandler,Overweight,,main,Lowers,275.0,312.0
2022-10-19 14:30:26,TD Cowen,Outperform,,main,Lowers,310.0,320.0
2022-10-19 13:34:05,Cowen & Co.,Outperform,,main,Lowers,310.0,320.0
2022-10-19 11:52:12,Citigroup,Buy,,main,Lowers,282.0,300.0
2022-10-18 12:19:56,Deutsche Bank,Buy,,main,Lowers,315.0,330.0
2022-10-18 11:17:07,Barclays,Overweight,,main,Lowers,310.0,335.0
2022-10-17 11:10:24,Mizuho,Buy,,main,Lowers,320.0,340.0
2022-10-14 11:44:23,Morgan Stanley,Overweight,,main,Lowers,325.0,354.0
2022-10-12 11:43:09,Wells Fargo,Overweight,,main,Lowers,315.0,350.0
2022-10-04 12:59:31,Oppenheimer,Outperform,,main,Lowers,275.0,300.0
2022-09-22 13:45:08,MoffettNathanson,Hold,,init,Announces,285.0,0.0
2022-08-12 10:53:30,Guggenheim,Neutral,,init,Announces,292.0,0.0
2022-08-08 17:22:59,SMBC Nikko,Outperform,,main,Raises,331.0,308.0
2022-07-29 09:11:10,Wolfe Research,Outperform,,main,Lowers,275.0,320.0
2022-07-27 14:31:32,TD Cowen,Outperform,,main,Lowers,320.0,330.0
2022-07-27 12:50:00,Cowen & Co.,Outperform,,main,Lowers,320.0,330.0
2022-07-27 11:13:40,Deutsche Bank,Buy,,main,Lowers,330.0,350.0
2022-07-27 11:11:19,JP Morgan,Overweight,,main,Lowers,305.0,320.0
2022-07-27 11:07:53,Stifel,Buy,,main,Lowers,300.0,320.0
2022-07-27 10:52:17,Wedbush,Outperform,,main,Lowers,320.0,340.0
2022-07-27 10:39:02,BMO Capital,Outperform,,main,Raises,320.0,305.0
2022-07-27 10:36:52,Citigroup,Buy,,main,Lowers,300.0,330.0
2022-07-26 11:00:45,Rosenblatt,Buy,,main,Lowers,330.0,349.0
2022-07-25 12:01:35,Wells Fargo,Overweight,,main,Lowers,350.0,400.0
2022-07-22 14:32:44,TD Cowen,Outperform,,main,Lowers,330.0,360.0
2022-07-22 13:25:29,Cowen & Co.,Outperform,,main,Lowers,330.0,360.0
2022-07-19 13:56:15,Mizuho,Buy,,main,Lowers,340.0,350.0
2022-07-19 11:37:51,Citigroup,Buy,,main,Lowers,330.0,364.0
2022-07-15 14:56:43,BMO Capital,Outperform,,main,Lowers,305.0,345.0
2022-07-14 17:24:07,SMBC Nikko,Outperform,,main,Lowers,308.0,326.0
2022-07-12 12:53:33,Morgan Stanley,Overweight,,main,Lowers,354.0,372.0
2022-07-08 08:42:24,Piper Sandler,Overweight,,main,Lowers,312.0,352.0
2022-07-07 11:16:27,Keybanc,Overweight,,main,Lowers,330.0,373.0
2022-06-24 17:25:01,SMBC Nikko,Outperform,,main,Lowers,326.0,350.0
2022-06-16 14:49:52,UBS,Buy,,main,Lowers,330.0,360.0
2022-06-13 13:36:36,Jefferies,Buy,,main,Lowers,320.0,325.0
2022-06-10 11:13:56,Barclays,Overweight,,main,Lowers,335.0,363.0
2022-05-23 13:35:13,Jefferies,Buy,,main,Lowers,325.0,400.0
2022-04-27 11:45:16,Wedbush,Outperform,,main,Lowers,340.0,375.0
2022-04-27 11:41:32,Stifel,Buy,,main,Lowers,350.0,380.0
2022-04-27 11:38:51,Deutsche Bank,Buy,,main,Lowers,350.0,390.0
2022-04-27 10:29:53,Wolfe Research,Outperform,,main,Raises,350.0,330.0
2022-04-26 12:01:31,BMO Capital,Outperform,,main,Lowers,340.0,355.0
2022-04-19 13:27:17,Citigroup,Buy,,main,Lowers,355.0,386.0
2022-04-19 11:56:30,Wells Fargo,Overweight,,main,Lowers,400.0,425.0
2022-02-04 16:19:53,Tigress Financial,Buy,,main,Raises,411.0,366.0
2022-01-26 16:39:22,Mizuho,Buy,,reit,Maintains,350.0,0.0
2022-01-26 15:05:05,Citigroup,Buy,,main,Raises,386.0,376.0
2022-01-26 15:01:38,Morgan Stanley,Overweight,,main,Raises,372.0,364.0
2022-01-26 14:41:05,Oppenheimer,Outperform,,main,Raises,340.0,330.0
2022-01-26 14:05:37,BMO Capital,Outperform,,main,Lowers,355.0,360.0
2022-01-20 15:33:50,TD Cowen,Outperform,,reit,Maintains,360.0,0.0
2022-01-18 16:40:45,Mizuho,Buy,,main,Lowers,350.0,360.0
2022-01-06 14:35:03,Jefferies,Buy,,main,Raises,400.0,375.0
2021-12-22 10:01:24,SMBC Nikko,Outperform,,init,Announces,410.0,0.0
2021-11-22 15:55:40,Wells Fargo,Overweight,,init,Announces,400.0,0.0
2021-11-02 09:44:42,Deutsche Bank,Buy,,init,Announces,390.0,0.0
2021-10-28 14:53:29,Citigroup,Buy,,main,Raises,407.0,384.0
2021-10-27 15:41:35,Mizuho,Buy,,main,Raises,360.0,350.0
2021-10-27 14:35:07,TD Cowen,Outperform,,main,Raises,360.0,320.0
2021-10-27 14:26:32,JP Morgan,Overweight,,main,Raises,320.0,310.0
2021-10-27 13:54:27,Morgan Stanley,Overweight,,main,Raises,364.0,331.0
2021-10-27 13:41:07,Barclays,Overweight,,main,Raises,363.0,345.0
2021-10-27 12:34:42,Credit Suisse,Outperform,,main,Raises,340.0,320.0
2021-10-27 12:29:00,Goldman Sachs,Buy,,main,Raises,400.0,360.0
2021-10-27 12:15:31,Stifel,Buy,,main,Raises,380.0,325.0
2021-10-27 08:53:28,Piper Sandler,Overweight,,main,Raises,352.0,310.0
2021-10-25 08:42:46,Keybanc,Overweight,,main,Raises,365.0,342.0
2021-10-20 14:29:46,Wedbush,Outperform,,main,Raises,375.0,350.0
2021-10-20 14:24:10,Jefferies,Buy,,main,Raises,375.0,345.0
2021-09-17 14:43:56,Tigress Financial,Buy,,main,Raises,366.0,303.0
2021-09-17 13:08:25,Barclays,Overweight,,main,Raises,345.0,330.0
2021-09-14 12:10:55,Morgan Stanley,Overweight,,main,Raises,331.0,305.0
2021-09-08 13:38:57,Jefferies,Buy,,main,Raises,345.0,335.0
2021-08-20 18:25:24,Wedbush,Outperform,,main,Raises,350.0,325.0
2021-08-20 15:42:40,Mizuho,Buy,,main,Raises,350.0,325.0
2021-08-20 14:50:41,UBS,Buy,,main,Raises,350.0,325.0
2021-07-29 10:52:31,JP Morgan,Overweight,,main,Raises,310.0,300.0
2021-07-28 16:28:35,Piper Sandler,Overweight,,main,Raises,310.0,305.0
2021-07-28 14:53:58,Credit Suisse,Outperform,,main,Raises,320.0,300.0
2021-07-28 14:50:35,Mizuho,Buy,,main,Raises,325.0,310.0
2021-07-28 14:48:30,Citigroup,Buy,,main,Raises,411.0,378.0
2021-07-28 14:47:05,Barclays,Overweight,,main,Raises,330.0,325.0
2021-07-28 14:36:13,TD Cowen,Outperform,,main,Raises,320.0,310.0
2021-07-28 13:20:30,Morgan Stanley,Overweight,,main,Raises,305.0,300.0
2021-07-28 12:25:59,Stifel,Buy,,main,Raises,325.0,305.0
2021-07-28 11:34:58,Rosenblatt,Buy,,main,Raises,349.0,333.0
2021-07-26 13:44:25,Jefferies,Buy,,main,Raises,335.0,310.0
2021-07-23 14:53:54,Barclays,Overweight,,main,Raises,325.0,288.0
2021-07-22 14:37:21,TD Cowen,Outperform,,main,Raises,310.0,295.0
2021-07-22 14:16:42,Cowen & Co.,Outperform,,main,Raises,310.0,295.0
2021-07-21 14:06:09,Stifel,Buy,,main,Raises,305.0,285.0
2021-07-21 11:04:50,Rosenblatt,Buy,,main,Raises,333.0,301.0
2021-07-16 11:39:46,Mizuho,Buy,,main,Raises,310.0,285.0
2021-06-28 12:12:09,Jefferies,Buy,,main,Raises,310.0,290.0
2021-06-23 11:20:52,Wedbush,Outperform,,main,Raises,325.0,310.0
2021-06-03 14:45:01,Tigress Financial,Buy,,reit,Maintains,303.0,0.0
2021-06-02 12:11:26,KGI Securities,Outperform,,init,Announces,300.0,0.0
2021-05-18 13:38:32,Jefferies,Buy,,main,Lowers,290.0,300.0
2021-05-13 11:04:31,Rosenblatt,Buy,,init,Announces,301.0,0.0
2021-04-28 16:29:41,Piper Sandler,Overweight,,main,Raises,305.0,300.0
2021-04-28 14:52:00,UBS,Buy,,main,Raises,300.0,275.0
2021-04-28 14:50:26,JP Morgan,Overweight,,main,Raises,270.0,245.0
2021-04-28 14:38:48,TD Cowen,Outperform,,main,Raises,295.0,280.0
2021-04-28 13:14:47,Morgan Stanley,Overweight,,main,Raises,300.0,290.0
2021-04-28 13:07:50,Mizuho,Buy,,main,Raises,285.0,270.0
2021-04-28 12:36:20,Credit Suisse,Outperform,,main,Raises,300.0,265.0
2021-04-28 11:45:08,Raymond James,Strong Buy,,main,Raises,290.0,275.0
2021-04-28 11:36:26,Barclays,Overweight,,main,Raises,288.0,269.0
2021-04-26 13:24:53,Keybanc,Overweight,,main,Raises,295.0,280.0
2021-04-23 10:48:42,Wolfe Research,Outperform,,init,Announces,290.0,0.0
2021-04-22 12:57:41,Exane BNP Paribas,Outperform,,init,Announces,330.0,0.0
2021-04-21 14:16:06,B of A Securities,Buy,,main,Raises,300.0,280.0
2021-04-21 12:59:24,Citigroup,Buy,,main,Raises,302.0,292.0
2021-04-13 14:57:30,Argus Research,Buy,,main,Raises,300.0,275.0
2021-04-12 13:00:16,BMO Capital,Outperform,,main,Raises,280.0,270.0
2021-03-05 13:33:28,Morgan Stanley,Overweight,,main,Raises,290.0,285.0
2021-02-16 13:32:05,Wedbush,Outperform,,main,Raises,300.0,285.0
2021-02-09 15:53:14,UBS,Buy,,main,Raises,275.0,267.0
2021-02-02 10:28:01,Piper Sandler,Overweight,,reit,Maintains,300.0,0.0
2021-01-28 18:10:16,Argus Research,Buy,,main,Raises,275.0,235.0
2021-01-27 17:43:23,B of A Securities,Buy,,main,Raises,280.0,256.0
2021-01-27 17:36:14,Oppenheimer,Outperform,,main,Raises,275.0,260.0
2021-01-27 17:31:15,Barclays,Overweight,,main,Raises,269.0,250.0
2021-01-27 17:28:36,BMO Capital,Outperform,,main,Raises,270.0,245.0
2021-01-27 17:25:50,Mizuho,Buy,,main,Raises,270.0,255.0
2021-01-27 17:24:06,Citigroup,Buy,,main,Raises,292.0,272.0
2021-01-27 17:20:29,Jefferies,Buy,,main,Raises,300.0,260.0
2021-01-27 15:54:31,UBS,Buy,,main,Raises,267.0,243.0
2021-01-27 15:51:20,JP Morgan,Overweight,,main,Raises,245.0,220.0
2021-01-27 15:39:57,TD Cowen,Outperform,,main,Raises,280.0,245.0
2021-01-27 14:22:28,Raymond James,Strong Buy,,main,Raises,275.0,235.0
2021-01-27 13:59:00,Goldman Sachs,Buy,,main,Raises,315.0,285.0
2021-01-27 13:45:30,Credit Suisse,Outperform,,main,Raises,265.0,235.0
2021-01-27 13:09:16,Morgan Stanley,Overweight,,main,Raises,285.0,260.0
2021-01-27 11:41:08,Wedbush,Outperform,,main,Raises,285.0,270.0
2021-01-27 10:20:31,Piper Sandler,Overweight,,main,Raises,300.0,245.0
2021-01-22 11:24:22,Goldman Sachs,Buy,,init,Announces,285.0,0.0
2020-12-21 12:03:10,Citigroup,Buy,Neutral,up,Raises,272.0,229.0
2020-12-18 17:05:45,Morgan Stanley,Overweight,,main,Raises,260.0,249.0
2020-11-24 11:17:23,Keybanc,Overweight,,init,Announces,250.0,0.0
2020-11-05 10:48:08,Oppenheimer,Outperform,Perform,up,Announces,260.0,0.0
2020-10-29 15:59:56,Deutsche Bank,Buy,,main,Raises,250.0,245.0
2020-10-28 14:41:06,TD Cowen,Outperform,,main,Raises,245.0,230.0
2020-10-28 13:21:45,Credit Suisse,Outperform,,main,Raises,235.0,225.0
2020-10-28 13:00:16,Goldman Sachs,Buy,,main,Raises,255.0,235.0
2020-10-28 12:43:49,Barclays,Overweight,,main,Raises,250.0,249.0
2020-10-28 11:59:13,Morgan Stanley,Overweight,,main,Raises,249.0,245.0
2020-10-28 09:01:38,Piper Sandler,Overweight,,main,Raises,245.0,218.0
2020-10-23 16:25:51,Barclays,Overweight,,main,Raises,249.0,234.0
2020-10-20 16:24:35,Stifel,Buy,,main,Raises,245.0,220.0
2020-10-15 15:43:35,Mizuho,Buy,,main,Raises,255.0,240.0
2020-10-14 10:48:47,UBS,Buy,,init,Announces,243.0,0.0
2020-10-13 16:39:30,RBC Capital,Outperform,,main,Raises,250.0,230.0
2020-10-12 12:51:26,Deutsche Bank,Buy,,main,Raises,245.0,230.0
2020-09-09 12:01:07,Morgan Stanley,Overweight,,main,Raises,245.0,230.0
2020-08-31 15:44:44,Mizuho,Buy,,main,Raises,240.0,225.0
2020-07-23 14:52:12,JP Morgan,Overweight,,main,Raises,220.0,190.0
2020-07-23 13:05:45,Oppenheimer,Perform,Outperform,down,,0.0,0.0
2020-07-23 12:52:48,Deutsche Bank,Buy,,main,Raises,230.0,215.0
2020-07-23 08:42:40,Piper Sandler,Overweight,,main,Raises,218.0,192.0
2020-07-20 14:46:51,Raymond James,Strong Buy,,main,Raises,225.0,208.0
2020-07-20 13:50:12,Jefferies,Buy,,main,Raises,240.0,200.0
2020-07-20 11:38:43,Barclays,Overweight,,main,Raises,234.0,204.0
2020-07-16 12:17:58,Credit Suisse,Outperform,,main,Raises,225.0,195.0
2020-07-16 11:02:47,Citigroup,Neutral,,main,Raises,216.0,179.0
2020-07-09 12:38:15,Morgan Stanley,Overweight,,main,Raises,230.0,198.0
2020-07-09 10:28:53,Wedbush,Outperform,,main,Raises,260.0,220.0
2020-06-24 13:57:35,Goldman Sachs,Buy,,main,Raises,215.0,198.0
2020-06-24 13:29:39,Argus Research,Buy,,main,Raises,235.0,200.0
2020-06-12 12:54:01,Deutsche Bank,Buy,,main,Raises,215.0,180.0
2020-05-22 13:01:21,Goldman Sachs,Buy,,main,Raises,198.0,185.0
2020-05-18 13:44:13,RBC Capital,Outperform,,reit,Raises,200.0,196.0
2020-04-30 15:45:43,Wells Fargo,Overweight,,main,Raises,205.0,185.0
2020-04-30 14:20:36,BMO Capital,Outperform,,main,Raises,212.0,200.0
2020-04-30 13:41:01,UBS,Buy,,main,Raises,207.0,200.0
2020-04-30 13:15:18,Credit Suisse,Outperform,,main,Raises,195.0,190.0
2020-04-30 13:02:28,Goldman Sachs,Buy,,main,Raises,185.0,162.0
2020-04-30 12:48:55,Morgan Stanley,Overweight,,main,Raises,198.0,180.0
2020-04-30 12:23:21,Mizuho,Buy,,main,Raises,205.0,200.0
2020-04-30 11:00:43,Citigroup,Neutral,,main,Raises,179.0,167.0
2020-04-28 12:40:52,Jefferies,Buy,,main,Raises,200.0,175.0
2020-04-24 12:16:17,RBC Capital,Outperform,,main,Lowers,190.0,200.0
2020-04-21 13:41:56,Mizuho,Buy,,main,Raises,200.0,190.0
2020-04-03 12:16:42,Raymond James,Strong Buy,,main,Lowers,183.0,200.0
2020-03-31 11:51:43,Citigroup,Neutral,,main,Lowers,167.0,170.0
2020-03-31 10:29:37,Piper Sandler,Overweight,,main,Lowers,192.0,199.0
2020-03-25 14:29:17,Morgan Stanley,Overweight,,main,Lowers,180.0,200.0
2020-03-17 15:29:54,Deutsche Bank,Buy,,main,Lowers,180.0,200.0
2020-02-03 18:38:50,CFRA,Buy,,main,Raises,197.0,186.0
2020-01-31 15:40:39,Nomura,Buy,,main,Raises,195.0,161.0
2020-01-30 17:08:30,Oppenheimer,Outperform,,main,Raises,195.0,160.0
2020-01-30 15:53:11,JP Morgan,Overweight,,main,Raises,200.0,169.0
2020-01-30 15:25:33,Stifel,Buy,,main,Raises,200.0,175.0
2020-01-30 15:13:15,Morgan Stanley,Overweight,,main,Raises,200.0,189.0
2020-01-30 13:55:04,Deutsche Bank,Buy,,main,Raises,200.0,175.0
2020-01-30 13:50:55,Credit Suisse,Outperform,,main,Raises,190.0,180.0
2020-01-30 13:35:28,BMO Capital,Outperform,,main,Raises,200.0,165.0
2020-01-30 13:11:11,Wells Fargo,Overweight,,main,Raises,205.0,185.0
2020-01-30 12:56:11,UBS,Buy,,main,Raises,200.0,162.0
2020-01-30 12:55:13,Piper Sandler,Overweight,,main,Raises,199.0,190.0
2020-01-30 12:40:11,Raymond James,Strong Buy,,main,Raises,200.0,192.0
2020-01-30 11:59:17,Stifel,Buy,,main,Raises,200.0,175.0
2020-01-30 11:52:21,Wedbush,Outperform,,main,Raises,210.0,195.0
2020-01-30 11:52:11,RBC Capital,Outperform,,main,Raises,200.0,180.0
2020-01-30 11:46:11,Citigroup,Neutral,,main,Raises,174.0,155.0
2020-01-30 11:44:08,Mizuho,Buy,,main,Raises,195.0,180.0
2020-01-23 14:10:50,Piper Sandler,Overweight,,main,Raises,190.0,158.0
2020-01-21 13:13:43,RBC Capital,Outperform,,main,Raises,180.0,163.0
2020-01-16 12:57:05,Wells Fargo,Overweight,,main,Raises,185.0,180.0
2020-01-13 12:51:09,Credit Suisse,Outperform,,main,Raises,180.0,155.0
2020-01-10 13:13:24,Jefferies,Buy,,main,Raises,185.0,160.0
2020-01-09 15:42:16,TD Cowen,Outperform,,main,Raises,180.0,165.0
2020-01-09 13:08:31,Wedbush,Outperform,,main,Raises,195.0,185.0
2020-01-09 13:03:23,Cowen & Co.,Outperform,,main,Raises,180.0,165.0
2020-01-08 14:53:16,Morgan Stanley,Overweight,,main,Raises,189.0,157.0
2019-12-17 13:59:34,Wedbush,Outperform,,main,Raises,185.0,170.0
2019-12-17 13:26:49,Deutsche Bank,Buy,,main,Raises,175.0,160.0
2019-11-01 12:44:39,Barclays,Overweight,,main,Raises,168.0,155.0
2019-10-28 14:36:07,Mizuho,Buy,,main,Raises,160.0,152.0
2019-10-24 13:09:27,Barclays,Overweight,,main,Raises,155.0,152.0
2019-10-24 12:55:56,Stifel,Buy,,main,Raises,160.0,155.0
2019-10-24 12:54:27,Citigroup,Neutral,,main,Raises,155.0,152.0
2019-10-24 12:51:22,Morgan Stanley,Overweight,,main,Raises,157.0,155.0
2019-10-24 12:22:12,BMO Capital,Outperform,,main,Raises,165.0,160.0
2019-10-24 11:57:33,Wedbush,Outperform,,main,Raises,170.0,160.0
2019-10-08 10:29:45,Jefferies,Buy,Hold,up,,0.0,0.0
2019-07-19 13:28:38,BMO Capital,Outperform,,main,Raises,160.0,153.0
2019-07-19 12:47:12,Citigroup,Neutral,,main,Raises,152.0,147.0
2019-07-19 12:37:03,Canaccord Genuity,Buy,,main,Raises,155.0,145.0
2019-07-19 11:57:54,Morgan Stanley,Overweight,,main,Raises,155.0,145.0
2019-07-19 11:42:32,Raymond James,Strong Buy,,main,Raises,163.0,160.0
2019-07-19 11:38:02,Credit Suisse,Outperform,,main,Raises,155.0,145.0
2019-07-19 10:52:10,Stifel,Buy,,main,Raises,155.0,150.0
2019-07-19 10:04:54,Keybanc,Overweight,,main,Raises,155.0,143.0
2019-07-12 12:13:53,Wells Fargo,Outperform,,main,Raises,160.0,145.0
2019-07-11 11:29:52,Cowen & Co.,Outperform,,init,,0.0,0.0
2019-06-25 14:30:40,Jefferies,Underperform,,main,Raises,90.0,80.0
2019-06-19 13:54:13,Deutsche Bank,Buy,,main,Raises,155.0,145.0
2019-04-25 15:48:27,Raymond James,Strong Buy,Strong Buy,main,Raises,149.0,142.0
2019-04-25 15:14:01,Nomura,Buy,Buy,main,Raises,131.0,124.0
2019-04-25 14:52:38,BMO Capital,Outperform,Outperform,main,Raises,147.0,125.0
2019-04-25 14:31:29,B of A Securities,Buy,Buy,main,Raises,155.0,150.0
2019-04-25 14:03:17,UBS,Buy,Buy,main,Raises,150.0,125.0
2019-04-25 13:42:26,Barclays,Overweight,Overweight,main,Raises,152.0,132.0
2019-04-25 13:22:57,Deutsche Bank,Buy,Buy,main,Raises,145.0,130.0
2019-04-25 13:00:18,Morgan Stanley,Overweight,Overweight,main,Raises,145.0,140.0
2019-04-25 12:18:23,Keybanc,Overweight,Overweight,main,Raises,143.0,141.0
2019-04-25 12:06:46,Wedbush,Outperform,Outperform,main,Raises,155.0,150.0
2019-04-17 12:43:13,Keybanc,Overweight,Overweight,main,Raises,141.0,125.0
2019-04-12 12:09:53,Barclays,Overweight,Overweight,main,Raises,132.0,120.0
2019-03-14 10:37:34,Mizuho,Buy,,init,Announces,135.0,0.0
2019-01-31 12:38:22,Nomura,Buy,Buy,main,Lowers,113.0,115.0
2018-10-25 14:51:06,Citigroup,Neutral,Neutral,main,Raises,114.0,113.0
2018-10-25 14:37:26,Nomura,Buy,Buy,main,Lowers,115.0,118.0
2018-10-25 13:38:15,Keybanc,Overweight,Overweight,main,Raises,125.0,123.0
2018-10-19 14:15:11,Wedbush,Outperform,,init,Announces,140.0,0.0
2018-10-12 11:29:45,Macquarie,Outperform,Neutral,up,Announces,121.0,0.0
2018-09-07 11:18:41,Barclays,Overweight,Overweight,main,Raises,120.0,117.0
2018-07-23 12:12:52,Argus Research,Buy,Buy,main,Raises,128.0,116.0
2018-07-20 16:54:42,Barclays,Overweight,Overweight,main,Raises,117.0,108.0
2018-07-20 13:12:41,BMO Capital,Outperform,Outperform,main,Raises,125.0,109.0
2018-07-20 12:53:39,Wells Fargo,Outperform,Outperform,main,Raises,120.0,115.0
2018-07-20 12:24:50,Credit Suisse,Outperform,Outperform,main,Raises,125.0,115.0
2018-07-20 11:39:29,Citigroup,Neutral,Neutral,main,Raises,113.0,100.0
2018-07-20 11:20:15,Stifel,Buy,Buy,main,Raises,118.0,107.0
2018-07-20 11:20:14,Keybanc,Overweight,Overweight,main,Raises,123.0,110.0
2018-07-17 15:02:59,B of A Securities,Buy,Buy,main,Raises,130.0,123.0
2018-07-17 12:45:13,Raymond James,Strong Buy,Strong Buy,main,Raises,124.0,110.0
2018-07-17 12:20:19,Piper Sandler,Overweight,Overweight,main,Raises,123.0,115.0
2018-06-06 11:50:27,Argus Research,Buy,Buy,main,Raises,116.0,107.0
2018-04-30 11:57:07,Citigroup,Neutral,Neutral,main,Raises,100.0,97.0
2018-04-27 13:40:03,Barclays,Overweight,Overweight,main,Raises,108.0,100.0
2018-04-27 12:42:27,JP Morgan,Overweight,Neutral,up,,0.0,87.0
2018-04-27 12:06:18,Canaccord Genuity,Buy,Buy,main,Raises,110.0,105.0
2018-04-27 11:47:07,Stifel,Buy,Buy,main,Raises,107.0,105.0
2018-03-26 16:49:12,Morgan Stanley,Overweight,Overweight,main,Raises,130.0,110.0
2018-02-02 14:24:09,Morgan Stanley,Overweight,Overweight,main,Raises,110.0,100.0
2018-02-02 13:33:42,Nomura,Buy,Buy,main,Raises,105.0,102.0
2018-02-01 17:17:47,Canaccord Genuity,Buy,Buy,main,Raises,105.0,94.0
2018-02-01 15:18:28,BMO Capital,Outperform,Outperform,main,Raises,107.0,100.0
2018-02-01 14:56:05,B of A Securities,Buy,Buy,main,Raises,106.0,104.0
2018-02-01 14:04:19,Stifel,Buy,Buy,main,Raises,105.0,92.0
2018-02-01 11:03:01,Keybanc,Overweight,Overweight,main,Raises,110.0,106.0
2018-01-25 16:47:19,Barclays,Overweight,Overweight,main,Raises,100.0,95.0
2018-01-25 14:41:18,JP Morgan,Neutral,Neutral,main,Raises,87.0,78.0
2018-01-24 11:55:15,Nomura,Buy,,init,Announces,102.0,0.0
2017-11-09 14:25:04,UBS,Buy,,main,Raises,105.0,82.0
2017-10-31 16:07:58,Oppenheimer,Outperform,,main,Raises,92.0,80.0
2017-10-31 12:39:04,Argus Research,Buy,Hold,up,,0.0,0.0
2017-10-30 15:37:13,Citigroup,Sell,,main,Raises,79.0,74.0
2017-10-27 18:07:52,Canaccord Genuity,Buy,,main,Raises,94.0,86.0
2017-10-27 17:12:50,BMO Capital,Outperform,,main,Raises,94.0,86.0
2017-10-27 16:09:08,Barclays,Overweight,,main,Raises,89.0,82.0
2017-10-27 12:54:15,Citigroup,Sell,,main,Raises,79.0,74.0
2017-10-27 12:07:02,Stifel,Buy,,main,Raises,90.0,85.0
2017-10-05 10:49:49,Canaccord Genuity,Buy,Hold,up,,0.0,0.0
2017-09-06 12:38:54,MoffettNathanson,Neutral,,init,Announces,81.0,0.0
2017-07-21 17:13:23,Citigroup,Sell,,main,Raises,74.0,72.0
2017-07-21 15:28:04,Deutsche Bank,Buy,,main,Raises,85.0,80.0
2017-07-17 16:05:58,Credit Suisse,Outperform,,main,Raises,84.0,80.0
2017-06-22 13:59:30,Cleveland Research,Buy,,init,Announces,80.0,0.0
2017-04-27 11:31:49,Credit Suisse,Outperform,,init,Announces,80.0,0.0
2017-01-23 17:54:02,Tigress Financial,Buy,Neutral,up,,0.0,0.0
2017-01-11 15:34:37,Wells Fargo,Outperform,,init,,0.0,0.0
2016-12-22 13:08:28,Piper Sandler,Overweight,,init,Announces,80.0,0.0
2016-11-17 08:26:27,Goldman Sachs,Buy,Neutral,up,Raises,68.0,60.0
2016-11-10 12:46:32,Atlantic Equities,Neutral,Underweight,up,,0.0,0.0
2016-10-21 04:00:00,Nomura,Buy,,main,Raises,0.0,0.0
2016-10-17 04:00:00,Goldman Sachs,Neutral,,main,Maintains,0.0,0.0
2016-08-29 12:33:03,UBS,Buy,,main,Raises,64.0,62.0
2016-07-21 01:20:39,Citigroup,Sell,,main,Raises,40.0,37.0
2016-07-20 10:43:17,Wunderlich Securities,Hold,,main,Raises,60.0,55.0
2016-07-19 12:11:03,William Blair,Market Perform,,init,,0.0,0.0
2016-07-07 16:43:04,Citigroup,Sell,,main,Raises,37.0,36.0
2016-05-24 12:56:12,Cowen & Co.,Outperform,,up,,0.0,0.0
2016-05-24 10:19:51,Cowen & Co.,Outperform,Market Perform,up,,0.0,0.0
2016-05-16 10:26:32,Canaccord Genuity,Hold,,init,,0.0,0.0
2016-04-26 10:20:39,Macquarie,Neutral,,init,Announces,51.0,0.0
2016-04-22 12:55:35,Macquarie,Neutral,,main,Lowers,51.0,53.0
2016-04-22 12:08:26,RBC Capital,Outperform,,main,Lowers,61.0,63.0
2016-04-22 11:43:46,Cowen & Co.,Market Perform,,main,Lowers,58.0,59.0
2016-04-22 11:01:22,Morgan Stanley,Overweight,,main,Lowers,64.0,66.0
2016-04-22 09:57:54,Goldman Sachs,Neutral,,main,Lowers,54.0,57.0
2016-04-19 13:30:46,Nomura,Buy,,main,Raises,36.0,35.0
2016-04-01 11:35:44,Cowen & Co.,Market Perform,,main,Raises,59.0,57.0
2016-04-01 10:35:32,Cowen & Co.,Market Perform,,main,Raises,59.0,57.0
2016-03-04 11:30:35,Macquarie,Neutral,,init,Announces,53.0,0.0
2016-02-01 14:53:55,Hilliard Lyons,Neutral,Long-Term Buy,down,,0.0,0.0
2016-01-29 13:06:08,Credit Suisse,Outperform,,main,Raises,60.0,52.06
2016-01-13 11:16:41,Morgan Stanley,Overweight,Equal-Weight,up,Raises,66.0,57.0
2016-01-08 10:59:54,BMO Capital,Outperform,,init,,0.0,0.0
2016-01-06 10:35:18,Barclays,Overweight,,main,Raises,60.0,54.0
2015-12-18 12:19:52,Goldman Sachs,Neutral,Sell,up,Raises,57.0,45.0
2015-12-16 15:01:09,Deutsche Bank,Buy,,main,Raises,65.0,60.0
2015-11-30 12:44:31,Raymond James,Strong Buy,Market Perform,up,Announces,62.0,0.0
2015-11-10 18:55:27,Piper Sandler,Overweight,,main,Raises,64.0,53.0
2015-10-23 17:38:50,Barclays,Overweight,,main,Raises,54.0,51.0
2015-10-23 17:01:20,Jefferies,Underweight,,main,Raises,39.0,37.0
2015-10-23 12:56:41,B of A Securities,Buy,Neutral,up,,0.0,0.0
2015-10-01 10:44:32,B of A Securities,Neutral,Underperform,up,,0.0,0.0
2015-08-13 10:59:26,Stifel,Buy,Hold,up,,0.0,0.0
2015-07-22 15:00:00,Barclays,Overweight,,main,Lowers,51.0,53.0
2015-07-22 11:25:56,Citigroup,Sell,,main,Raises,38.0,37.0
2015-07-09 15:00:00,Jefferies,Underperform,,main,Raises,39.0,38.0
2015-07-08 08:03:18,Morgan Stanley,Equal-Weight,,main,Raises,51.0,46.0
2015-06-18 11:19:07,Jefferies,Underperform,,main,Maintains,38.0,0.0
2015-06-09 11:24:50,Wunderlich Securities,Hold,,init,Announces,52.0,0.0
2015-06-03 13:00:00,Barclays,Overweight,,main,Raises,53.0,48.0
2015-05-13 10:22:21,Deutsche Bank,Buy,Hold,up,Raises,55.0,44.0
2015-04-30 13:00:00,Keybanc,Overweight,,main,Raises,55.0,50.0
2015-04-27 13:00:00,Citigroup,Sell,,main,Raises,37.0,36.0
2015-04-24 13:00:00,Pacific Crest,Overweight,,main,Raises,50.0,48.0
2015-04-24 12:31:59,Nomura,Buy,Neutral,up,,50.0,0.0
2015-04-15 13:00:00,Citigroup,Sell,,main,Lowers,36.0,38.0
2015-04-10 13:00:00,Barclays,Overweight,,main,Lowers,48.0,49.0
2015-04-06 09:57:44,Wells Fargo,Outperform,Market Perform,up,,0.0,0.0
2015-03-13 13:00:00,Pacific Crest,Outperform,,main,Lowers,48.0,58.0
2015-01-29 10:57:20,Atlantic Equities,Underweight,Neutral,down,Lowers,40.0,45.0
2015-01-28 14:00:00,Citigroup,Sell,,main,Lowers,38.0,50.0
2015-01-27 14:00:00,Barclays,Overweight,,main,Lowers,50.0,52.0
2015-01-27 12:25:13,Nomura,Neutral,Buy,down,Lowers,50.0,56.0
2015-01-27 11:11:41,JP Morgan,Neutral,Overweight,down,Lowers,47.0,53.0
2015-01-06 14:00:00,Barclays,Overweight,,main,Raises,52.0,50.0
2014-12-16 05:00:00,B of A Securities,Underperform,Neutral,down,Maintains,47.0,0.0
2014-12-12 05:00:00,Piper Sandler,Overweight,,init,Announces,54.0,0.0
2014-11-21 22:31:10,Jefferies,Underperform,,init,Announces,40.0,0.0
2014-11-18 14:00:00,Citigroup,Neutral,,main,Raises,50.0,41.0
2014-10-24 13:00:00,Credit Suisse,Outperform,,main,Raises,55.0,50.0
2014-10-24 12:30:00,Credit Suisse,Outperform,,main,Raises,55.0,50.0
2014-10-09 13:00:00,BMO Capital,Market Perform,,init,Announces,48.0,0.0
2014-10-02 11:46:14,FBN Securities,Outperform,,init,Announces,55.0,0.0
2014-09-10 12:00:00,MKM Partners,Buy,,init,Announces,52.0,0.0
2014-09-04 13:00:00,Barclays,Overweight,,main,Raises,51.0,50.0
2014-07-24 02:36:58,UBS,Buy,,main,Raises,50.0,46.0
2014-07-24 02:03:49,FBR Capital,Outperform,,main,Raises,51.0,49.0
2014-07-24 01:46:07,Credit Suisse,Outperform,,main,Raises,50.0,47.5
2014-07-23 12:15:46,B of A Securities,Neutral,Underperform,up,Raises,47.0,35.0
2014-07-23 10:20:34,Pacific Crest,Outperform,Sector Perform,up,Announces,54.0,0.0
2014-07-19 02:05:29,Deutsche Bank,Hold,,main,Raises,44.0,42.0
2014-07-19 00:33:28,Barclays,Overweight,,main,Raises,50.0,44.0
2014-07-15 23:53:39,Nomura,Buy,,main,Raises,50.0,45.0
2014-06-12 23:38:15,Citigroup,Neutral,,main,Raises,41.0,35.0
2014-06-05 10:15:38,FBR Capital,Outperform,Market Perform,up,Raises,49.0,43.0
2014-05-30 16:40:22,Summit Insights Group,Hold,,init,Announces,43.0,0.0
2014-04-25 11:10:43,Credit Suisse,Outperform,,main,Raises,47.5,42.5
2014-04-25 06:35:51,Oppenheimer,Outperform,,main,Raises,45.0,38.0
2014-04-25 05:53:55,JP Morgan,Neutral,,main,Raises,35.0,32.0
2014-04-25 04:41:10,FBR Capital,Market Perform,,main,Raises,43.0,40.0
2014-04-22 04:22:14,Jefferies,Buy,,main,Lowers,46.0,47.0
2014-04-14 12:19:14,Deutsche Bank,Hold,Buy,down,Maintains,42.0,0.0
2014-03-19 22:03:23,Cowen & Co.,Market Perform,,main,Raises,40.0,39.0
2014-03-19 02:58:03,Barclays,Overweight,,main,Raises,44.0,43.0
2014-02-27 13:00:00,B. Riley Securities,Neutral,,init,Announces,0.0,0.0
2014-02-04 21:00:00,Sterne Agee,Neutral,,init,Announces,40.0,0.0
2014-01-24 13:00:00,Deutsche Bank,Buy,,main,Raises,42.0,40.0
2014-01-24 12:21:41,Credit Suisse,Outperform,,main,Raises,42.5,40.0
2014-01-23 21:00:00,Deutsche Bank,Buy,Hold,up,,0.0,0.0
2014-01-14 21:00:00,Citigroup,Neutral,Buy,down,,0.0,0.0
2014-01-10 13:30:00,Barclays,Overweight,Equal-weight,up,Raises,42.0,35.0
2013-11-27 15:37:23,Evercore ISI Group,Overweight,,main,Raises,45.0,38.0
2013-11-19 11:27:32,McAdams Wright Ragen,Hold,,main,Raises,39.0,34.0
2013-11-18 11:11:00,B of A Securities,Underperform,Neutral,down,Maintains,36.0,0.0
2013-11-06 13:00:27,Nomura,Buy,,main,Raises,45.0,40.0
2013-10-15 10:24:53,Jefferies,Buy,Hold,up,Raises,42.0,33.0
2013-09-04 10:51:18,Morgan Stanley,Equal-Weight,Overweight,down,Removes,0.0,37.0
2013-08-26 11:53:39,BMO Capital,Market Perform,,main,Raises,37.0,34.0
2013-08-22 11:52:38,Nomura,Buy,Neutral,up,Maintains,38.0,0.0
2013-08-13 11:15:58,Stifel,Hold,Buy,down,Removes,0.0,36.0
2013-08-08 11:26:39,Evercore ISI Group,Overweight,Equal-Weight,up,Raises,38.0,35.0
2013-07-29 12:24:30,Atlantic Equities,Neutral,Overweight,down,Lowers,33.0,35.0
2013-07-19 10:37:37,Cowen & Co.,Market Perform,Outperform,down,Maintains,33.0,33.0
2013-06-26 11:01:42,Morgan Stanley,Overweight,,main,Raises,40.0,36.0
2013-06-05 13:04:39,Deutsche Bank,Hold,Buy,down,,0.0,0.0
2013-05-28 11:55:15,Nomura,Neutral,,main,Raises,38.0,32.0
2013-05-15 12:24:31,Stifel,Buy,,main,Raises,38.0,36.0
2013-04-30 14:00:24,Standpoint Research,Hold,Buy,down,,0.0,0.0
2013-04-30 10:27:58,Morgan Stanley,Overweight,Equal-Weight,main,Maintains,36.0,0.0
2013-04-25 19:58:06,McAdams Wright Ragen,Hold,Buy,down,Announces,34.0,0.0
2013-04-12 11:47:57,Credit Agricole,Outperform,Buy,down,Lowers,34.0,36.0
2013-04-11 13:09:00,Hilliard Lyons,Neutral,Long-term Buy,down,,0.0,0.0
2013-04-11 12:14:42,Nomura,Neutral,Buy,down,Maintains,32.0,0.0
2013-04-11 10:01:38,Goldman Sachs,Sell,Neutral,down,Lowers,27.0,30.0
2013-04-10 15:28:26,BGC FInancial,Hold,Buy,down,,0.0,0.0
2013-04-04 10:19:19,B of A Securities,Neutral,Buy,down,Lowers,33.0,35.0
2013-02-04 20:38:16,McAdams Wright Ragen,Buy,,main,Lowers,34.0,36.0
2013-01-25 13:03:37,Deutsche Bank,Buy,,main,Lowers,31.0,32.0
2013-01-18 12:54:17,Deutsche Bank,Buy,,main,Lowers,32.0,35.0
2013-01-11 12:56:19,Nomura,Buy,,main,Lowers,32.0,37.0
2013-01-10 11:47:24,Morgan Stanley,Equal-Weight,Overweight,down,,0.0,0.0
2013-01-07 18:33:59,Barclays,Equal-Weight,,main,Lowers,30.0,31.0
2013-01-04 12:50:58,Argus Research,Hold,Buy,down,,0.0,0.0
2012-12-14 15:33:06,SunTrust Robinson Humphrey,Neutral,,init,Announces,28.0,0.0
2012-12-14 12:53:50,BMO Capital,Market Perform,,init,Announces,30.0,0.0
2012-12-13 17:17:44,Barclays,Equal-Weight,,main,Lowers,31.0,34.0
2012-12-12 14:17:13,Standpoint Research,Buy,Hold,up,,0.0,0.0
2012-12-05 19:00:34,MKM Partners,Neutral,,main,Lowers,28.0,32.0
2012-11-28 12:50:00,Nomura,,,main,Maintains,37.0,0.0
2012-10-19 16:10:00,Barclays,Equal-Weight,,main,Lowers,34.0,36.0
2012-10-01 13:33:00,RBC Capital,Sector Perform,Outperform,down,,0.0,0.0
2012-10-01 13:11:00,RBC Capital,Sector Perform,Outperform,down,,0.0,0.0
2012-09-12 20:01:00,Jefferies,Hold,,init,Announces,35.0,0.0
2012-08-20 13:14:00,Longbow Research,Buy,,init,Announces,36.0,0.0
2012-07-20 12:24:00,Griffin Securities,Buy,,init,,0.0,0.0
2012-07-20 10:43:00,Goldman Sachs,Neutral,,main,Raises,36.0,34.0
2012-04-20 16:28:00,McAdams Wright Ragen,Buy,,main,Raises,36.0,34.0
2012-04-20 15:51:00,UBS,Buy,,main,Raises,37.0,36.0
2012-04-20 11:05:00,B of A Securities,Buy,,main,Raises,36.0,34.0
2012-04-20 10:44:00,Goldman Sachs,Neutral,,main,Raises,34.0,32.0
2012-04-20 10:18:00,Deutsche Bank,Buy,,main,Raises,35.0,31.0
2012-04-03 15:53:00,UBS,Buy,,main,Raises,35.0,33.0
2012-03-22 11:03:00,Morgan Stanley,Overweight,,main,Raises,37.0,33.0
2012-03-19 18:00:00,Hilliard Lyons,Long-Term Buy,,main,Raises,37.0,0.0
2012-03-16 12:19:00,Argus Research,Buy,Hold,up,Announces,0.0,0.0
